{"omicron alpha_gamma_ICU": 2.2230491529422394, "omicron alpha_IH": 0.9999999999999999, "omicron alpha_mu_ICU": 3.796130054520822, "omicron alpha_IYD": 0.171981657195495, "transmission_reduction": [0.052257, 0.787752, 0.641986, 0.827015, 0.778334, 0.75298, 0.674321, 0.801538, 0.811144, 0.6849, 0.528211908, 0.618059728, 0.658787079, 0.703450617, 0.536087412, 0.4308084205462408, 0.45439136829611165, 2.3916830633034084e-15, 1.2408890165332566e-21]}