{"v_beta_reduct": 0.15, "v_tau_reduct": 0.3, "v_pi_reduct": 0.95, "S": [[2906.3696245403266, 207.21581192172462], [3394.3968957557186, 194.9018930648621], [10117.77721095158, 2364.156019894965], [3921.207519489546, 2078.632544596645], [6473.6556204851695, 5047.666826508262]], "E": [[8.168613845671158e-05, 5.823987203876397e-06], [0.00010705271936503076, 6.135342929154337e-06], [0.0003238458951364206, 7.551349822656652e-05], [0.0001289286636541278, 6.825413852968856e-05], [0.00016916052873720334, 0.00013189866309625721]], "IA": [[0.0013612160083698566, 9.705079395532647e-05], [0.0021088385330439575, 0.00011649762016313895], [0.0077472216939693745, 0.0017608073752787116], [0.0027176369644316325, 0.0014168160968160333], [0.002572598075264132, 0.002005927398451033]], "IY": [[0.0009037316760840004, 6.445217337262367e-05], [0.0014000805279382582, 7.736122445462861e-05], [0.005151300179782641, 0.0011852258222764499], [0.0018101379445065102, 0.0009662104945126022], [0.0017144913696897535, 0.0013736432126973805]], "PA": [[0.0002817077425142454, 2.0084953440482655e-05], [0.00041493456431920003, 2.3655945629085916e-05], [0.0015083972767341235, 0.0003501460137361738], [0.0005406032229997414, 0.0002854386232690296], [0.0005381822242031881, 0.00041963435024685984]], "PY": [[0.00018702394220163724, 1.3334270254164032e-05], [0.00027547236466449394, 1.570502879534989e-05], [0.0010014151637552664, 0.00023245966635729345], [0.0003589029716753691, 0.00018950084972436406], [0.00035729568628464564, 0.0002785925220440884]], "R": [[10782.48136745061, 751.7538166979194], [41618.74124291834, 5004.138805208678], [130990.57393935007, 24341.545625471965], [34558.1741697514, 16069.655493394339], [15864.505268562067, 12365.549590147957]], "D": [[2.9013554553513234, 0.20311564301939017], [11.388873804069139, 1.4053564994587144], [37.562900447188476, 8.866327058983657], [11.223367028352088, 10.950309038898308], [5.974447366485491, 13.757385341499052]], "IH": [[1.5140191105157763e-07, 1.0774279524864582e-07], [1.9997992544130352e-07, 1.0015609474962895e-07], [4.274864757122674e-05, 8.432727576286004e-05], [4.373193141257257e-05, 0.00018394295077342818], [5.836712039222811e-05, 0.0003718429433775873]], "ICU": [[1.1138073592761216e-07, 7.925958381726775e-08], [1.5440479532917348e-07, 7.431612895981207e-08], [3.2334590331276076e-05, 6.22153337070265e-05], [3.7430734946027355e-05, 0.00015458225737722728], [2.815589085307479e-05, 0.00017912141105473812]], "IYIH": [[4.998114442937503e-09, 3.5569291901303748e-09], [5.966186228328818e-09, 3.285877221250386e-09], [1.3365494551955327e-06, 2.7918471996139014e-06], [1.0014381431250755e-06, 4.400308983909447e-06], [1.1184798631930313e-06, 7.1539471657873765e-06]], "IYICU": [[1.0391140683998636e-09, 7.394875859001831e-10], [1.2403774689396222e-09, 6.831362773246252e-10], [2.7786581346269004e-07, 5.803424669139972e-07], [2.0819302194950777e-07, 9.145673633755857e-07], [2.3252383352775502e-07, 1.4868264755827348e-06]], "IHICU": [[2.4438187179879597e-09, 1.7391043968406059e-09], [3.233461488236822e-09, 1.6168253863938323e-09], [6.906682860714222e-07, 1.361080637199225e-06], [6.586762096865118e-07, 2.7689676254553842e-06], [8.423835937702972e-07, 5.366405149670259e-06]], "ToICU": [[3.482932786387823e-09, 2.478591982740789e-09], [4.473838957176444e-09, 2.299961663718457e-09], [9.685340995341121e-07, 1.941423104113222e-06], [8.668692316360196e-07, 3.6835349888309696e-06], [1.0749074272980523e-06, 6.853231625252993e-06]], "ToIHT": [[6.037228511337367e-09, 4.296416776030556e-09], [7.20656369726844e-09, 3.969013498575011e-09], [1.6144152686582226e-06, 3.3721896665278994e-06], [1.2096311650745833e-06, 5.314876347285032e-06], [1.3510036967207862e-06, 8.640773641370112e-06]], "ToICUD": [[1.5443620492345933e-09, 1.0989818450005374e-09], [2.1435738695051416e-09, 1.0306176225702066e-09], [4.4865819329161677e-07, 8.626841211105545e-07], [1.2385466663981126e-06, 5.1131296882444346e-06], [1.947787686112481e-06, 1.2390826051769798e-05]], "ToIYD": [[1.578466953772679e-07, 1.1253638716025453e-08], [2.4504595005701767e-07, 1.3514763025201448e-08], [8.999001179191734e-07, 2.0399656121914584e-07], [3.153950624072191e-07, 1.638351573348066e-07], [2.981549775256096e-07, 2.31756103186951e-07]], "ToIA": [[0.00013266327783633612, 9.458510919237105e-06], [0.00019840680508152882, 1.130384866836704e-05], [0.0007359983504074991, 0.0001707680094596002], [0.0002608777441234418, 0.00013770108681299673], [0.00025051254664900014, 0.0001953310178635108]], "ToIY": [[8.807428927903186e-05, 6.2794440212572506e-06], [0.00013172099039522465, 7.5045517781671385e-06], [0.0004886245288063095, 0.00011337177333507563], [0.00017319504143968936, 9.14188579673639e-05], [0.00016631365409808832, 0.00012967899522053382]]}