{"v_beta_reduct": 0.7, "v_tau_reduct": 0.75, "v_pi_reduct": 0.95, "S": [[0.0, 0.0], [9520.739015597354, 1940.9136610152195], [64790.85731061884, 12035.249619176391], [25231.763049642897, 11397.603945169918], [36537.23708385247, 28587.895050417457]], "E": [[0.0, 0.0], [4.552234559131754e-05, 9.287577854480684e-06], [0.00028876570275251543, 5.36661739127752e-05], [0.00011328814042674185, 5.118778893511775e-05], [0.00013364592442674218, 0.00010456960011344098]], "IA": [[0.0, 0.0], [0.0016826408536287094, 0.00035070347573458303], [0.012851663860012125, 0.002407864770654318], [0.004551320679307383, 0.002065696463332477], [0.003920703677372599, 0.0030678043192278576]], "IY": [[0.0, 0.0], [0.0002796310326379081, 5.8298308828897896e-05], [0.0021397186839447273, 0.00040714289869670325], [0.0007593925742768339, 0.0003550646072950372], [0.0006546596255366718, 0.000529897926250797]], "PA": [[0.0, 0.0], [0.000275311017413895, 5.6309151863570566e-05], [0.002044673555771601, 0.00038042795414462927], [0.0007303988835386168, 0.0003302188811566145], [0.0006522360216900603, 0.0005103300349478307]], "PY": [[0.0, 0.0], [4.575139356440822e-05, 9.357497540010272e-06], [0.00033978540139644684, 6.321980579079847e-05], [0.0001213782401215777, 5.4876023982294525e-05], [0.00010838907649076803, 8.480703204672403e-05]], "R": [[0.0, 0.0], [32927.06564448474, 9021.206024826615], [346559.31682017987, 73467.54572244754], [101440.59385075446, 50099.565794868104], [51973.67416599419, 40681.12454598741]], "D": [[0.0, 0.0], [3.1868109302444063, 0.8670144726697426], [34.39043475426532, 8.809634706071195], [11.202504320591562, 10.563155364103626], [6.603866790066184, 14.0736432965599]], "IH": [[0.0, 0.0], [5.827186818750699e-08, 1.292237648695979e-07], [2.830914258486917e-05, 4.9768390361673496e-05], [3.2887344864666296e-05, 0.00012750621897381648], [4.3569648676866415e-05, 0.0002791737893966987]], "ICU": [[0.0, 0.0], [5.8653724702444134e-08, 1.335986141555755e-07], [2.9098108431060417e-05, 5.144518293263031e-05], [4.6922458019842616e-05, 0.00018222647580857574], [3.845982580990636e-05, 0.0002456712168344934]], "IYIH": [[0.0, 0.0], [1.201477893524734e-09, 2.5027248809516453e-09], [5.602789926352298e-07, 9.691904346432476e-07], [4.2425155918584596e-07, 1.6342325900006704e-06], [4.3161559925673735e-07, 2.788982636688608e-06]], "IYICU": [[0.0, 0.0], [2.497887346326702e-10, 5.203183330417999e-10], [1.164808211544023e-07, 2.0146602859500947e-07], [8.819937085486084e-08, 3.396615547782463e-07], [8.972974574888271e-08, 5.796426962726621e-07]], "IHICU": [[0.0, 0.0], [9.46866948414888e-10, 2.101174620708064e-09], [4.602017115479054e-07, 8.091866246382541e-07], [4.979962170516131e-07, 1.9308471249178166e-06], [6.319387312928296e-07, 4.048985773032441e-06]], "ToICU": [[0.0, 0.0], [1.1966556830475582e-09, 2.6214929537498636e-09], [5.766825327023077e-07, 1.0106526532332638e-06], [5.86195587906474e-07, 2.2705086796960624e-06], [7.216684770417124e-07, 4.628628469305104e-06]], "ToIHT": [[0.0, 0.0], [1.4512666281574043e-09, 3.023043213993445e-09], [6.767598137896319e-07, 1.170656463238257e-06], [5.124509300407069e-07, 1.973894144778917e-06], [5.2134534500562e-07, 3.3686253329612695e-06]], "ToICUD": [[0.0, 0.0], [6.048315391632208e-10, 1.3782317215228675e-09], [3.0015064487895254e-07, 5.307128447073265e-07], [1.1517652434192103e-06, 4.473035871745206e-06], [1.974048905188382e-06, 1.260918635459669e-05]], "ToIYD": [[0.0, 0.0], [4.8165764066885533e-08, 1.0047133202976366e-08], [3.682015059531979e-07, 6.912135891041515e-08], [1.304145821413641e-07, 5.938951038619929e-08], [1.1230083175872006e-07, 8.818672428477874e-08]], "ToIA": [[0.0, 0.0], [0.00013305354341041365, 2.7221218879516958e-05], [0.0010041432214187532, 0.0001868498278687011], [0.0003554205092061022, 0.00016069880020096313], [0.00030687537207952216, 0.00024010881599222678]], "ToIY": [[0.0, 0.0], [2.2110938700855917e-05, 4.523642787558212e-06], [0.00016686928169349548, 3.1050846030658795e-05], [5.90640496348333e-05, 2.6705048429897665e-05], [5.099678194907511e-05, 3.990146504827091e-05]]}