{"v_beta_reduct": 0.65, "v_tau_reduct": 0.7, "v_pi_reduct": 0.95, "S": [[0.0, 0.0], [0.6812179986235691, 0.8490691475679195], [0.584240956875311, 0.018892452463754046], [0.3484589120508666, 0.06600143732011564], [0.08679746794744672, 0.3879320042025521]], "E": [[0.0, 0.0], [3.803026116699512e-09, 4.740086028940266e-09], [3.0393782640507498e-09, 9.828351037088614e-11], [1.8257949526161755e-09, 3.45822297950553e-10], [3.704391070125387e-10, 1.6556379882577569e-09]], "IA": [[0.0, 0.0], [1.4897905335235237e-06, 1.182380742261695e-06], [4.070000685603522e-06, 4.2633727645399595e-09], [2.5555987679934193e-06, 1.3492477427222426e-08], [1.0516622085954191e-08, 4.7002918166673506e-08]], "IY": [[0.0, 0.0], [3.07322384864326e-07, 2.4402252250022666e-07], [8.433599849873195e-07, 8.948091540258192e-10], [5.319328038258057e-07, 2.878697373691712e-09], [2.179670231921998e-09, 1.0077829551246871e-08]], "PA": [[0.0, 0.0], [3.045469700949147e-08, 3.566609576869687e-08], [3.920459319551153e-08, 6.73554681598022e-10], [2.6565574841280208e-08, 2.1567953263824355e-09], [1.7479944442705189e-09, 7.812474305256923e-09]], "PY": [[0.0, 0.0], [6.2819700707153736e-09, 7.356938934194403e-09], [8.086834060835314e-09, 1.3893588727775854e-10], [5.4797506608672044e-09, 4.448878176253273e-10], [3.605633895901793e-10, 1.611499524968557e-09]], "R": [[0.0, 0.0], [6025.191951044154, 601.2922585845996], [12650.18007689216, 341.00636278494795], [3511.059249786895, 199.26437310262313], [286.9052436284684, 225.21041968108875]], "D": [[0.0, 0.0], [0.990321768013518, 0.09355260636452042], [2.5662236569420274, 0.06220265314707187], [0.6970382136198087, 0.047203402796123936], [0.07904723864347868, 0.12915420690163035]], "IH": [[0.0, 0.0], [2.565792346715983e-10, 1.1683298928384884e-09], [6.471079330351024e-08, 1.0959937068361955e-10], [1.3824731890567523e-07, 1.036439988065468e-09], [1.45633691862025e-10, 5.329158585669929e-09]], "ICU": [[0.0, 0.0], [3.875453301965544e-10, 1.3445820869507363e-09], [1.0501656666176403e-07, 1.136070834414677e-10], [3.154021723534394e-07, 1.4867214813069253e-09], [1.2872255021085706e-10, 4.695394991967956e-09]], "IYIH": [[0.0, 0.0], [1.369440098017364e-12, 1.0829019967544224e-11], [2.2947261716345186e-10, 2.1300685576088794e-12], [3.0874064069686706e-10, 1.3249617196138916e-11], [1.4371037724124185e-12, 5.3043931130316754e-11]], "IYICU": [[0.0, 0.0], [2.847082839247888e-13, 2.2513611707278356e-12], [4.7706873238152465e-11, 4.4277825863451e-13], [6.418533928089051e-11, 2.75382194957652e-12], [2.9876342823425806e-13, 1.1024280630798022e-11]], "IHICU": [[0.0, 0.0], [4.203176578418204e-12, 1.90997653990601e-11], [1.0610583975327466e-09, 1.7820182772276512e-12], [2.1052780334440514e-09, 1.569525261807292e-11], [2.1123293771821903e-12, 7.729273993617996e-11]], "ToICU": [[0.0, 0.0], [4.487884862342994e-12, 2.1351126569787936e-11], [1.1087652707708992e-09, 2.2247965358621614e-12], [2.1694633727249414e-09, 1.8449074567649442e-11], [2.4110928054164485e-12, 8.8317020566978e-11]], "ToIHT": [[0.0, 0.0], [1.6541483819421525e-12, 1.3080381138272059e-11], [2.771794904016043e-10, 2.5728468162433894e-12], [3.7292597997775753e-10, 1.6003439145715433e-11], [1.7358672006466767e-12, 6.406821176111478e-11]], "ToICUD": [[0.0, 0.0], [4.015200633846032e-12, 1.3898925467832932e-11], [1.0886239433539168e-09, 1.1720190355778735e-12], [7.765125807857755e-09, 3.6494905591700887e-11], [6.6071319558466506e-12, 2.409973372337922e-10]], "ToIYD": [[0.0, 0.0], [5.489916129154238e-11, 4.347285908239218e-11], [1.5080373229273177e-10, 1.5191362606510783e-13], [9.490662031698256e-11, 4.815032345444377e-13], [3.739159317768558e-13, 1.677231857966677e-12]], "ToIA": [[0.0, 0.0], [1.5222195465539252e-08, 1.77243131599296e-08], [2.0238133637552546e-08, 3.308210536015641e-10], [1.3808073465914541e-08, 1.049589959263115e-09], [8.224411971821057e-10, 3.6758130105221114e-09]], "ToIY": [[0.0, 0.0], [3.139922104471911e-09, 3.6560404708660535e-09], [4.174572800990938e-09, 6.823932468741556e-11], [2.848227457987196e-09, 2.165016683160345e-10], [1.6964709857435466e-10, 7.582195715310992e-10]]}