{"v_beta_reduct": 0.65, "v_tau_reduct": 0.7, "v_pi_reduct": 0.95, "S": [[0.0, 0.0], [-5.950790992928631e-13, 1.8132148973229549e-12], [-3.3892857000343497e-12, 0.0], [0.0, 1023.667626205812], [394.33137435328376, 308.7906753036608]], "E": [[0.0, 0.0], [1.1771307069215078e-14, 5.971932357049932e-15], [2.8048906216880427e-14, 3.612078775112932e-50], [1.2193205449348251e-14, 1.384074104740994e-05], [4.240216783163232e-06, 3.3204038254735636e-06]], "IA": [[0.0, 0.0], [1.4849879085183546e-05, 7.541534745694802e-06], [3.4192927515176683e-05, 3.12717605552176e-08], [1.4991074379725741e-05, 0.0003962609318343515], [8.852365690425276e-05, 6.932058054128855e-05]], "IY": [[0.0, 0.0], [3.0633325668049025e-06, 1.5566739671449766e-06], [7.082288726633735e-06, 7.111516320500222e-09], [3.1195805083304184e-06, 8.396093125970984e-05], [1.8329810600665486e-05, 1.4746853954620313e-05]], "PA": [[0.0, 0.0], [7.987307791426364e-08, 4.052108059988161e-08], [1.843859547998715e-07, 5.542978397518404e-15], [8.138614893866774e-08, 7.98404548743448e-05], [1.8592007101270893e-05, 1.4558918720244836e-05]], "PY": [[0.0, 0.0], [1.647562885806888e-08, 8.358389363787399e-09], [3.803377354738006e-08, 1.1433646634203548e-15], [1.678773397890492e-08, 1.646889961823036e-05], [3.835021971432236e-06, 3.0031062740191414e-06]], "R": [[0.0, 0.0], [14732.91046623063, 8002.270681500931], [54546.624440138614, 1976.5805532114027], [13793.622366596053, 3006.770119356712], [1908.737947606315, 1494.1962119272318]], "D": [[0.0, 0.0], [2.115333385800969, 1.1703299984954538], [11.27157504164258, 0.3969190614170963], [3.0445980187420107, 0.9859322746302346], [0.5063168208732384, 0.9968151230155002]], "IH": [[0.0, 0.0], [2.5916425027502807e-09, 1.3199654419153564e-08], [3.52343402812291e-07, 4.4378958639771876e-08], [5.57017615985705e-07, 1.5876232318719175e-05], [6.132165968531288e-07, 3.923084480509677e-06]], "ICU": [[0.0, 0.0], [3.1004072365362463e-09, 1.5820458362693174e-08], [4.1195328890368674e-07, 8.752546036649387e-08], [7.310073715173819e-07, 1.3213384685283104e-05], [2.944235129501118e-07, 1.8809429271839174e-06]], "IYIH": [[0.0, 0.0], [1.370191103062533e-11, 6.951300814238104e-11], [1.9290672306400936e-09, 1.7619252871513966e-11], [1.8129030502952985e-09, 3.8237211034908364e-07], [1.1955323740044666e-08, 7.678583520169749e-08]], "IYICU": [[0.0, 0.0], [2.848644187991352e-12, 1.4451805229031722e-11], [4.0104900958386933e-10, 3.6625216014866545e-12], [3.7689174027728125e-10, 7.947284021851236e-08], [2.4854249044453284e-09, 1.5958632358036303e-08]], "IHICU": [[0.0, 0.0], [4.24564698819498e-11, 2.1623999840723976e-10], [5.771548253526984e-09, 7.288729053837542e-10], [8.477941142415527e-09, 2.389705700110157e-07], [8.848668788904893e-09, 5.660748738242678e-08]], "ToICU": [[0.0, 0.0], [4.530511406994115e-11, 2.306918036362715e-10], [6.172597263110854e-09, 7.325354269852407e-10], [8.85483288269281e-09, 3.184434102295281e-07], [1.1334093693350223e-08, 7.256611974046308e-08]], "ToIHT": [[0.0, 0.0], [1.6550555218616683e-11, 8.396481337141279e-11], [2.3301162402239625e-09, 2.1281774473000618e-11], [2.1897947905725796e-09, 4.6184495056759606e-07], [1.4440748644489995e-08, 9.27444675597338e-08]], "ToICUD": [[0.0, 0.0], [4.3375409853984104e-11, 2.2133546013041123e-10], [5.7621868603784645e-09, 1.228555668310932e-09], [2.4332122373640257e-08, 4.3699649735876515e-07], [2.036430940693542e-08, 1.3009275352640988e-07]], "ToIYD": [[0.0, 0.0], [5.627712038477227e-10, 2.8590594503579343e-10], [1.2988429433560075e-09, 1.2874153705605656e-12], [5.709595491358376e-10, 1.4236726350027e-08], [3.186949893624704e-09, 2.4875199010981514e-09]], "ToIA": [[0.0, 0.0], [4.3501046095035404e-08, 2.2068880291331452e-08], [1.0042159491756275e-07, 3.0188569923233485e-15], [4.4325105516768844e-08, 3.8516570809969775e-05], [8.653069772036547e-06, 6.775994587646e-06]], "ToIY": [[0.0, 0.0], [8.973074646864976e-09, 4.5522057054495505e-09], [2.071422524837546e-08, 6.227075340014455e-16], [9.1430555408534e-09, 7.944913882394252e-06], [1.7848913522536184e-06, 1.3977021405156414e-06]]}