{"v_beta_reduct": 0, "v_tau_reduct": 0, "v_pi_reduct": 0, "S": [[4147.9741954781775, 311.1446952473286], [1373.8415670354668, 102.45217457432325], [705.3318363372223, 131.05933209495623], [189.06741877584645, 187.50141061969742], [162.48702448520646, 127.23025371866815]], "E": [[0.0001371559469901982, 1.0288237900357614e-05], [5.087922815812825e-05, 3.7942421386416006e-06], [2.6504707786597726e-05, 4.924900764330022e-06], [7.30380281233558e-06, 7.243306853544382e-06], [4.992032218464706e-06, 3.908850738939196e-06]], "IA": [[0.001635295987552093, 0.00012266558269353407], [0.0006912532103384117, 5.1550089489597576e-05], [0.0004423887272263313, 8.216621549206184e-05], [0.00010859696010312695, 0.00010757923921277721], [5.406225566317116e-05, 4.233171557187947e-05]], "IY": [[0.002169119831592645, 0.00016365860904896058], [0.0009167685638873072, 6.86750057135264e-05], [0.0006046921452663504, 0.00014975658398352828], [0.00015390581755813518, 0.0002956480224408148], [7.756792936109155e-05, 0.00013554688101004864]], "PA": [[0.0003384223787980429, 2.5385482877589183e-05], [0.00014035762420266097, 1.0466959346874235e-05], [8.793092858247952e-05, 1.6338647870673408e-05], [2.1853793822130306e-05, 2.1672781883863422e-05], [1.1353496471635212e-05, 8.889991316270713e-06]], "PY": [[0.0004486064091043826, 3.365052381447866e-05], [0.00018605545533841104, 1.3874806576089096e-05], [0.00011655960300468223, 2.1658207642520567e-05], [2.8968982508405283e-05, 2.8729036450702688e-05], [1.5049983694958302e-05, 1.178440709366117e-05]], "R": [[110555.97877966361, 8069.351964723338], [228791.9692191731, 19680.49201829468], [303552.25941500766, 32490.36260492203], [65220.431431040415, 19797.690930143537], [10019.331230515785, 7526.9330779342545]], "D": [[131.2871205430904, 10.330029674199807], [370.580958250922, 35.98911688598416], [850.3869501881816, 286.53535795791817], [353.8307305591807, 657.2541288991597], [81.63148495245194, 468.8387327608597]], "IH": [[7.275765476571539e-06, 5.475694444202748e-06], [2.3817344640763614e-06, 1.7815600563294447e-06], [9.588321599309632e-05, 0.00020811887467491738], [7.411418723742468e-05, 0.0010139128845628044], [5.1736084575957085e-05, 0.0006160662550786959]], "ICU": [[5.36433442459912e-06, 4.035190235081063e-06], [1.7701550505130534e-06, 1.3242938630995287e-06], [7.182448753726808e-05, 0.00014998987840817555], [6.495128602353162e-05, 0.000794119906225771], [2.482236119386167e-05, 0.00028141833364708334]], "IYIH": [[2.39931162770403e-07, 1.8066178501748328e-07], [7.80078051969296e-08, 5.834494209341494e-08], [3.1364687110305263e-06, 7.093964557609785e-06], [1.704194778347664e-06, 2.7205411650671803e-05], [1.0135050661791736e-06, 1.4283632346040629e-05]], "IYICU": [[4.988164971854359e-08, 3.755720243327801e-08], [1.6217836165132674e-08, 1.2129338827609849e-08], [6.51862832132243e-07, 1.4704704993857606e-06], [3.540573266331335e-07, 5.623645231436308e-06], [2.1053561053443135e-07, 2.9501319556269563e-06]], "IHICU": [[1.1744231145627982e-07, 8.838554020779614e-08], [3.8449607475750376e-08, 2.8760721137164607e-08], [1.547927731962373e-06, 3.357364086007342e-06], [1.11622498514429e-06, 1.523901322905612e-05], [7.465102838380237e-07, 8.872219532626511e-06]], "ToICU": [[1.6732396117482343e-07, 1.2594274264107416e-07], [5.466744364088305e-08, 4.089005996477446e-08], [2.199790564094616e-06, 4.827834585393102e-06], [1.4702823117774234e-06, 2.086265846049243e-05], [9.57045894372455e-07, 1.1822351488253465e-05]], "ToIHT": [[2.8981281248894665e-07, 2.1821898745076132e-07], [9.422564136206227e-08, 7.047428092102479e-08], [3.7883315431627696e-06, 8.564435056995546e-06], [2.058252104980798e-06, 3.2829056882108114e-05], [1.224040676713605e-06, 1.7233764301667585e-05]], "ToICUD": [[7.438292447880128e-08, 5.5952169499373166e-08], [2.454941328853715e-08, 1.8366041935958996e-08], [9.96235421426316e-07, 2.0786720408550026e-06], [2.1497761133217766e-06, 2.6232602674665733e-05], [1.7168254674366363e-06, 1.942766850958361e-05]], "ToIYD": [[3.786016097696396e-07, 2.8380156681613223e-08], [1.601125730086159e-07, 1.193422794557642e-08], [1.0212846280637034e-07, 1.8071472256697823e-08], [2.4955045470731085e-08, 2.0484792336900275e-08], [1.2389753356856431e-08, 7.289131883777297e-09]], "ToIA": [[0.00015937163148882716, 1.1954663981448468e-05], [6.706903150530682e-05, 5.001572449524754e-06], [4.288436619132248e-05, 7.968442592096455e-06], [1.0542691057768776e-05, 1.0455367333190936e-05], [5.284131001948515e-06, 4.137569324015774e-06]], "ToIY": [[0.00021126006964798023, 1.584688016145494e-05], [8.89054603674997e-05, 6.629991386579322e-06], [5.68467179745438e-05, 1.0562819249988327e-05], [1.3975195123088838e-05, 1.3859440418415898e-05], [7.004545746768961e-06, 5.48468491788137e-06]]}