{"v_beta_reduct": 0.7, "v_tau_reduct": 0.75, "v_pi_reduct": 0.95, "S": [[0.0, 0.0], [15711.723500599352, 3393.5450839456043], [130262.76065760017, 25835.167294392326], [48229.022339508425, 21414.893888331375], [55598.697712151945, 43528.23693186033]], "E": [[0.0, 0.0], [0.00017449108375127713, 3.7703244630373644e-05], [0.0014682523045237142, 0.00029124739543537955], [0.0005588753862924021, 0.0002481815602665484], [0.0005124044539583243, 0.0004011616886216189]], "IA": [[0.0, 0.0], [0.004675322090364848, 0.0010146607818801875], [0.04871328679002186, 0.009688488009929124], [0.016516377383644188, 0.007349652527711167], [0.01105913260897002, 0.008658215130877682]], "IY": [[0.0, 0.0], [0.0007769676037836602, 0.00016865847787325708], [0.008107390378320837, 0.0016323908501465678], [0.002753537037387397, 0.0012545888362775757], [0.001844836731986633, 0.001483874726121392]], "PA": [[0.0, 0.0], [0.0009587530866295532, 0.00020737885929626867], [0.009710130581868382, 0.0019268420913695036], [0.0033339219872415542, 0.0014808557405288645], [0.002323738899644408, 0.0018192568604359198]], "PY": [[0.0, 0.0], [0.00015932631468771, 3.4462376034656846e-05], [0.0016136368605437251, 0.0003202040793237951], [0.0005540336830109871, 0.0002460897294756423], [0.00038616069177764247, 0.0003023254840957651]], "R": [[0.0, 0.0], [21138.371527886015, 1034.5357093159807], [284792.19666337816, 68766.1901919085], [82984.33833612685, 43938.19662546513], [41989.78175690242, 32868.49411125432]], "D": [[0.0, 0.0], [1.9473557207226773, 0.09696731596520361], [27.167395120587152, 8.121331007124667], [9.00777499028495, 9.783825006237509], [5.337786104925778, 12.290169148197526]], "IH": [[0.0, 0.0], [9.636510989252705e-08, 2.092557881736463e-07], [6.269435186545086e-05, 0.0001155133574739664], [6.276711057023281e-05, 0.00023707284861736665], [6.159662152558475e-05, 0.00039397946836273063]], "ICU": [[0.0, 0.0], [6.918451641398065e-08, 1.4941846450295372e-07], [4.573332295375714e-05, 8.451473556710077e-05], [5.203795926261915e-05, 0.00019711475524108478], [2.9558947200482735e-05, 0.0001887973260095743]], "IYIH": [[0.0, 0.0], [3.3038551623721606e-09, 7.161217737655524e-09], [2.101000289624345e-06, 3.84513667411537e-06], [1.5222109100375028e-06, 5.713603995055277e-06], [1.203236065953142e-06, 7.726245265174413e-06]], "IYICU": [[0.0, 0.0], [6.868755595639825e-10, 1.4888224047980307e-09], [4.367935300055236e-07, 7.992901987566515e-07], [3.164585766787963e-07, 1.1875247307036504e-06], [2.5014403200390355e-07, 1.605768920414262e-06]], "IHICU": [[0.0, 0.0], [1.5543900992139723e-09, 3.3754574162149567e-09], [1.0116951219775971e-06, 1.8642579407194401e-06], [9.446917665610298e-07, 3.568412550919491e-06], [8.888164264698013e-07, 5.684744714354765e-06]], "ToICU": [[0.0, 0.0], [2.2412656587779545e-09, 4.864279821012989e-09], [1.4484886519831209e-06, 2.663548139476091e-06], [1.261150343239826e-06, 4.755937281623141e-06], [1.1389604584737046e-06, 7.2905136347690255e-06]], "ToIHT": [[0.0, 0.0], [3.9907307219361434e-09, 8.650040142453557e-09], [2.5377938196298683e-06, 4.644426872872022e-06], [1.838669486716299e-06, 6.9011287257589294e-06], [1.4533800979570456e-06, 9.332014185588676e-06]], "ToICUD": [[0.0, 0.0], [9.587031256469326e-10, 2.070343742067201e-09], [6.33982999363439e-07, 1.1716937314327207e-06], [1.7208875979382187e-06, 6.518933436821441e-06], [2.04445560645603e-06, 1.3057645170817589e-05]], "ToIYD": [[0.0, 0.0], [1.3569746168333124e-07, 2.9453979616272698e-08], [1.4146056481722665e-06, 2.809590220573807e-07], [4.794083471496708e-07, 2.1273260875580478e-07], [3.2074857492570476e-07, 2.5029601888685124e-07]], "ToIA": [[0.0, 0.0], [0.0004580626307705607, 9.90923135996402e-05], [0.0047354971788839545, 0.0009397307419454444], [0.0016083031261981714, 0.0007143932839448517], [0.0010814954632617634, 0.0008467036188546324]], "ToIY": [[0.0, 0.0], [7.612119520093866e-05, 1.6467235787695287e-05], [0.0007869485107766335, 0.00015616516702883477], [0.0002672690326335154, 0.00011871841744856138], [0.00017972373587731938, 0.000140705849197417]]}