{"v_beta_reduct": 0, "v_tau_reduct": 0, "v_pi_reduct": 0, "S": [[1028.2826004582753, 77.1327547544773], [187.0612191741315, 14.5076941064602], [96.67762441276095, 15.76199965539752], [42.66201674791716, 28.82958132733616], [59.65180679174461, 46.94754151392315]], "E": [[1.3660188072133013e-05, 1.0246676701504938e-06], [2.9837247906779388e-06, 2.3140534821770061e-07], [1.4369784446583844e-06, 2.3428020586043148e-07], [6.386647434461763e-07, 4.315885315708323e-07], [7.273866644487253e-07, 5.724724440468514e-07]], "IA": [[0.00022327495759451424, 1.674813182609403e-05], [5.6683952705906216e-05, 4.396172500452283e-06], [3.235785235962232e-05, 5.275478244774221e-06], [1.293362417555013e-05, 8.740042868222136e-06], [1.0714921668329641e-05, 8.432925285876793e-06]], "IY": [[0.00029620953211846146, 2.2382235748361987e-05], [7.518630783292622e-05, 5.864165313253455e-06], [4.458622781950523e-05, 1.0586332822653336e-05], [1.8651033162071584e-05, 3.085142989903401e-05], [1.5695291395655728e-05, 3.639364653637586e-05]], "PA": [[3.649940123283868e-05, 2.7378654104650962e-06], [9.072429560361115e-06, 7.036200953101018e-07], [5.108066022561683e-06, 8.328021646830286e-07], [2.066059954866344e-06, 1.3961750530435672e-06], [1.7803383350077033e-06, 1.4011731142261098e-06]], "PY": [[4.8382927215623344e-05, 3.6292634510816402e-06], [1.2026243835827526e-05, 9.327057077366462e-07], [6.771157285721299e-06, 1.103947055510061e-06], [2.7387306378460853e-06, 1.8507436749647292e-06], [2.3599833743125356e-06, 1.857369011881121e-06]], "R": [[101801.17368891415, 7439.752504184668], [203747.24877012055, 17535.827974435175], [268839.23834094673, 28874.045092521235], [57971.9533229981, 17747.675388418313], [8966.656116888355, 6749.199541427576]], "D": [[131.76886260198026, 10.274616786423177], [370.5021878241622, 35.841395284717535], [838.6614839891951, 277.88131995162996], [346.1756375582134, 635.5205346146255], [81.33574243486154, 466.36529060343383]], "IH": [[1.7437589164034604e-06, 1.3133483789651296e-06], [3.51328276681982e-07, 2.7332809774436266e-07], [1.269465991495465e-05, 2.5545167648898033e-05], [1.7490569656188893e-05, 0.0001851287518344337], [2.124842038213721e-05, 0.000276860398993708]], "ICU": [[1.8687796710212034e-06, 1.4063172206703158e-06], [3.9475655602557205e-07, 3.0687650841059064e-07], [1.456717975962567e-05, 2.781582720827747e-05], [2.910795771812491e-05, 0.00026498756089960606], [1.91772106620881e-05, 0.00022369608158692768]], "IYIH": [[3.312082665731828e-08, 2.4976342071519308e-08], [6.466987663579183e-09, 5.0361022163272846e-09], [2.3371275972655654e-07, 5.066976054406236e-07], [2.087081277493246e-07, 2.8658221597775332e-06], [2.072963044493377e-07, 3.8691416957725196e-06]], "IYICU": [[6.885814475420657e-09, 5.192252114259089e-09], [1.3444878515052676e-09, 1.0469560506977486e-09], [4.8573308231963685e-08, 1.050306742948951e-07], [4.336044371006605e-08, 5.923956354683371e-07], [4.306170287170242e-08, 7.991299608541964e-07]], "IHICU": [[2.8359087034791108e-08, 2.1358972159449658e-08], [5.715502663596942e-09, 4.446532606911875e-09], [2.0651970861742624e-07, 4.15259814937819e-07], [2.649867089303724e-07, 2.799460659047039e-06], [3.0821388473067295e-07, 4.006923413106048e-06]], "ToICU": [[3.5244901510211765e-08, 2.6551224273708744e-08], [7.059990515102208e-09, 5.4934886576096234e-09], [2.5509301684938995e-07, 5.202904892327142e-07], [3.0834715264043846e-07, 3.391856294515376e-06], [3.512755876023754e-07, 4.8060533739602454e-06]], "ToIHT": [[4.0006641132738934e-08, 3.016859418577839e-08], [7.811475515084451e-09, 6.083058267025032e-09], [2.8228606795852027e-07, 6.117282797355187e-07], [2.5206857145939066e-07, 3.4582177952458704e-06], [2.503580073210401e-07, 4.668271656626715e-06]], "ToICUD": [[1.9286571924587242e-08, 1.4513613913676491e-08], [4.076170307643168e-09, 3.168711494010683e-09], [1.50447397542979e-07, 2.8709413553312437e-07], [7.152121610201919e-07, 6.50334121022959e-06], [9.845546946570604e-07, 1.1465004720692678e-05]], "ToIYD": [[5.1011595930833305e-08, 3.829563471696813e-09], [1.2955714109561626e-08, 1.0054433313818174e-09], [7.427800117315635e-09, 1.259868879704486e-09], [2.982980745496572e-09, 2.106189794111517e-09], [2.473433569737188e-09, 1.9271867075541174e-09]], "ToIA": [[1.7375402496814553e-05, 1.3033505176007412e-06], [4.385902993624002e-06, 3.4015248747456223e-07], [2.5088621321352297e-06, 4.0903657182677956e-07], [1.0054342300363013e-06, 6.794392322189671e-07], [8.376591982212856e-07, 6.592598296361383e-07]], "ToIY": [[2.303251028647509e-05, 1.7276971977498203e-06], [5.8138714101527495e-06, 4.50899808977908e-07], [3.3257009658536764e-06, 5.422112696308472e-07], [1.3327849095830043e-06, 9.006520054995613e-07], [1.1103854488049593e-06, 8.739025648665085e-07]]}