{"v_beta_reduct": 0.15, "v_tau_reduct": 0.3, "v_pi_reduct": 0.95, "S": [[4846.088312464701, 350.82234417606065], [6554.654524866818, 897.8788154201861], [17510.15711969601, 3587.071177424056], [5931.873622950961, 2899.892035927169], [7669.776112359254, 5991.118825817034]], "E": [[5.472105230358984e-05, 3.96141518831763e-06], [8.896935029986002e-05, 1.2173393242444484e-05], [0.00022162710604405977, 4.531930092014754e-05], [7.556753719193865e-05, 3.690050536486611e-05], [7.953311063875292e-05, 6.212380472324087e-05]], "IA": [[0.0012498320434190637, 9.047891415629044e-05], [0.002440103593560525, 0.0003231192556002309], [0.0071733356178438545, 0.0014257467075194518], [0.002174474726213802, 0.0010440992225541886], [0.0016448265705850142, 0.0012845988564418828]], "IY": [[0.0008297890213697357, 6.0092671897191835e-05], [0.0016200214146687344, 0.0002145837773679282], [0.004771627222397759, 0.0009631346771476318], [0.0014495726113951924, 0.0007170053029768485], [0.0010972421330087574, 0.0008866521792947809]], "PA": [[0.00020435699126778638, 1.4793993444346527e-05], [0.0003795157917577511, 5.173476545063251e-05], [0.0011057045393636493, 0.00022516217655067506], [0.0003425149186487613, 0.00016684311230512634], [0.00027223690787179334, 0.00021265403159159279]], "PY": [[0.00013567128039242382, 9.821636246745864e-06], [0.00025195807139990453, 3.4346375066226896e-05], [0.0007340700685625556, 0.0001494837078930438], [0.0002273934318483458, 0.00011076605958360301], [0.00018073631654050838, 0.00014117963162237188]], "R": [[20714.057359809674, 1471.6168678131653], [67791.88789735628, 7399.638193304656], [204512.48400617033, 37588.394264136354], [54767.19841536424, 25161.534701132445], [26913.18994814928, 20979.60574308568]], "D": [[5.6260792561250215, 0.40068354411630214], [18.7831699404583, 2.0832114571935576], [58.854324721009306, 13.14717631149977], [17.461955390898563, 15.430915662240702], [9.795028785761389, 20.933449501440883]], "IH": [[2.391525284727821e-07, 1.7280064598939766e-07], [3.946568247346829e-07, 4.80187609524141e-07], [6.891177379482141e-05, 0.00011874231576119337], [6.70911392370687e-05, 0.0002602525730939853], [7.494256250432762e-05, 0.00047884459957333084]], "ICU": [[2.461916372523127e-07, 1.7785685149940373e-07], [4.215534043619515e-07, 4.970646574672987e-07], [7.305403869893423e-05, 0.00012325634375042884], [9.795509070358068e-05, 0.0003735214722117849], [6.671821684408516e-05, 0.0004248583225072467]], "IYIH": [[4.63906143165832e-09, 3.352392405989719e-09], [6.975155018265341e-09, 9.213075643620738e-09], [1.2510459733805757e-06, 2.2927537260752567e-06], [8.104553465926664e-07, 3.300171772241225e-06], [7.235631840586925e-07, 4.667623423625296e-06]], "IYICU": [[9.644665108897046e-10, 6.969642730516595e-10], [1.4501433237093103e-09, 1.9154051640122603e-09], [2.6008981988755567e-07, 4.765956939193469e-07], [1.6848883670011075e-07, 6.859130591651432e-07], [1.5042352651443246e-07, 9.700862927092072e-07]], "IHICU": [[3.888549117931059e-09, 2.8096835815626922e-09], [6.422901957766172e-09, 7.808589501806685e-09], [1.1212283137053236e-06, 1.9308066439907993e-06], [1.0163701158885423e-06, 3.941331331514771e-06], [1.0871199588954272e-06, 6.945798002500239e-06]], "ToICU": [[4.853015628820764e-09, 3.5066478546143516e-09], [7.873045281475482e-09, 9.723994665818946e-09], [1.381318133592879e-06, 2.4074023379101466e-06], [1.1848589525886528e-06, 4.627244390679914e-06], [1.2375434854098596e-06, 7.915884295209447e-06]], "ToIHT": [[5.603527942548024e-09, 4.049356679041379e-09], [8.425298341974652e-09, 1.1128480807633e-08], [1.5111357932681314e-06, 2.769349419994603e-06], [9.78944183292777e-07, 3.986084831406369e-06], [8.73986710573125e-07, 5.637709716334503e-06]], "ToICUD": [[2.5396429525051614e-09, 1.8347170275814648e-09], [4.351038524379662e-09, 5.127988268648413e-09], [7.53929269405372e-07, 1.2716000714220943e-06], [2.4049300088337193e-06, 9.169024020967759e-06], [3.424878523359446e-06, 2.1808487976011217e-05]], "ToIYD": [[1.4299846226248162e-07, 1.0352483403119957e-08], [2.796253453770307e-07, 3.6985686643015086e-08], [8.221564925160608e-07, 1.6351611358151118e-07], [2.4913331037120965e-07, 1.1993126739914147e-07], [1.8826184118393077e-07, 1.475887352289662e-07]], "ToIA": [[9.728337549857055e-05, 7.042624822577381e-06], [0.00018354986034544812, 2.5010242240538663e-05], [0.0005432958919531825, 0.00011058996729785593], [0.000166727111448985, 8.119308184203935e-05], [0.0001280995926137487, 0.00010006351459760232]], "ToIY": [[6.458580170370985e-05, 4.675552918815931e-06], [0.00012185756119439893, 1.660413752741252e-05], [0.0003606906171203323, 7.341996165032363e-05], [0.00011068904736796178, 5.390356015802614e-05], [8.50444882743523e-05, 6.643151801072098e-05]]}