{"v_beta_reduct": 0.6500000000000147, "v_tau_reduct": 0.7500000000000586, "v_pi_reduct": 0.95, "S": [[1796.0, 116.0], [6861.0, 934.0], [48558.0, 12776.0], [14729.0, 8687.0], [10523.0, 8211.0]], "E": [[1.0, 0.0], [6.0, 1.0], [35.0, 6.0], [6.0, 6.0], [5.0, 2.0]], "IA": [[1.0, 0.0], [13.0, 2.0], [47.0, 13.0], [9.0, 8.0], [6.0, 2.0]], "IY": [[0.0, 0.0], [4.0, 0.0], [15.0, 5.0], [2.0, 4.0], [2.0, 1.0]], "PA": [[4.0, 0.0], [9.0, 0.0], [61.0, 10.0], [12.0, 3.0], [8.0, 6.0]], "PY": [[0.0, 0.0], [1.0, 0.0], [12.0, 1.0], [1.0, 2.0], [2.0, 0.0]], "R": [[5.0, 0.0], [32.0, 0.0], [199.0, 57.0], [37.0, 31.0], [24.0, 7.0]], "D": [[0.0, 0.0], [0.0, 0.0], [0.0, 0.0], [0.0, 0.0], [0.0, 0.0]], "IH": [[0.0, 0.0], [0.0, 0.0], [0.0, 0.0], [0.0, 0.0], [0.0, 0.0]], "ICU": [[0.0, 0.0], [0.0, 0.0], [0.0, 0.0], [0.0, 0.0], [0.0, 0.0]], "IYIH": [[0.0, 0.0], [0.0, 0.0], [0.0, 0.0], [0.0, 0.0], [0.0, 0.0]], "IYICU": [[0.0, 0.0], [0.0, 0.0], [0.0, 0.0], [0.0, 0.0], [0.0, 0.0]], "IHICU": [[0.0, 0.0], [0.0, 0.0], [0.0, 0.0], [0.0, 0.0], [0.0, 0.0]], "ToICU": [[0.0, 0.0], [0.0, 0.0], [0.0, 0.0], [0.0, 0.0], [0.0, 0.0]], "ToIHT": [[0.0, 0.0], [0.0, 0.0], [0.0, 0.0], [0.0, 0.0], [0.0, 0.0]], "ToICUD": [[0.0, 0.0], [0.0, 0.0], [0.0, 0.0], [0.0, 0.0], [0.0, 0.0]], "ToIYD": [[0.0, 0.0], [0.0, 0.0], [0.0, 0.0], [0.0, 0.0], [0.0, 0.0]], "ToIA": [[0.0, 0.0], [3.0, 1.0], [22.0, 4.0], [1.0, 1.0], [3.0, 0.0]], "ToIY": [[0.0, 0.0], [2.0, 0.0], [1.0, 0.0], [0.0, 1.0], [1.0, 0.0]]}