{"v_beta_reduct": 0.6500000000000147, "v_tau_reduct": 0.7500000000000586, "v_pi_reduct": 0.95, "S": [[2177.0, 155.0], [8477.0, 970.0], [50499.0, 12830.0], [15150.0, 8761.0], [10464.0, 8335.0]], "E": [[1.0, 0.0], [4.0, 0.0], [44.0, 6.0], [3.0, 2.0], [0.0, 1.0]], "IA": [[3.0, 1.0], [17.0, 1.0], [85.0, 20.0], [22.0, 10.0], [11.0, 11.0]], "IY": [[0.0, 1.0], [3.0, 0.0], [12.0, 3.0], [5.0, 1.0], [1.0, 0.0]], "PA": [[1.0, 0.0], [13.0, 1.0], [65.0, 24.0], [19.0, 8.0], [5.0, 9.0]], "PY": [[0.0, 0.0], [3.0, 0.0], [13.0, 1.0], [3.0, 2.0], [1.0, 0.0]], "R": [[9.0, 1.0], [50.0, 5.0], [195.0, 48.0], [46.0, 38.0], [22.0, 16.0]], "D": [[0.0, 0.0], [0.0, 0.0], [0.0, 0.0], [0.0, 0.0], [0.0, 0.0]], "IH": [[0.0, 0.0], [0.0, 0.0], [0.0, 0.0], [0.0, 0.0], [0.0, 0.0]], "ICU": [[0.0, 0.0], [0.0, 0.0], [0.0, 0.0], [0.0, 0.0], [0.0, 0.0]], "IYIH": [[0.0, 0.0], [0.0, 0.0], [0.0, 0.0], [0.0, 0.0], [0.0, 0.0]], "IYICU": [[0.0, 0.0], [0.0, 0.0], [0.0, 0.0], [0.0, 0.0], [0.0, 0.0]], "IHICU": [[0.0, 0.0], [0.0, 0.0], [0.0, 0.0], [0.0, 0.0], [0.0, 0.0]], "ToICU": [[0.0, 0.0], [0.0, 0.0], [0.0, 0.0], [0.0, 0.0], [0.0, 0.0]], "ToIHT": [[0.0, 0.0], [0.0, 0.0], [0.0, 0.0], [0.0, 0.0], [0.0, 0.0]], "ToICUD": [[0.0, 0.0], [0.0, 0.0], [0.0, 0.0], [0.0, 0.0], [0.0, 0.0]], "ToIYD": [[0.0, 0.0], [0.0, 0.0], [0.0, 0.0], [0.0, 0.0], [0.0, 0.0]], "ToIA": [[2.0, 1.0], [5.0, 1.0], [27.0, 8.0], [8.0, 4.0], [2.0, 4.0]], "ToIY": [[0.0, 0.0], [1.0, 0.0], [5.0, 0.0], [1.0, 1.0], [1.0, 0.0]]}