{"v_beta_reduct": 0.6500000000000147, "v_tau_reduct": 0.7500000000000586, "v_pi_reduct": 0.95, "S": [[2062.0, 119.0], [7946.0, 972.0], [49456.0, 12853.0], [14987.0, 8621.0], [10582.0, 8222.0]], "E": [[1.0, 0.0], [12.0, 2.0], [36.0, 12.0], [12.0, 7.0], [2.0, 1.0]], "IA": [[3.0, 1.0], [22.0, 2.0], [99.0, 24.0], [30.0, 16.0], [4.0, 2.0]], "IY": [[0.0, 0.0], [1.0, 0.0], [12.0, 5.0], [3.0, 5.0], [2.0, 1.0]], "PA": [[5.0, 0.0], [15.0, 1.0], [94.0, 17.0], [20.0, 9.0], [5.0, 5.0]], "PY": [[0.0, 0.0], [2.0, 1.0], [11.0, 1.0], [2.0, 2.0], [1.0, 1.0]], "R": [[5.0, 1.0], [50.0, 6.0], [231.0, 79.0], [54.0, 40.0], [23.0, 14.0]], "D": [[0.0, 0.0], [0.0, 0.0], [0.0, 0.0], [1.0, 0.0], [0.0, 0.0]], "IH": [[0.0, 0.0], [0.0, 0.0], [0.0, 0.0], [0.0, 0.0], [0.0, 0.0]], "ICU": [[0.0, 0.0], [0.0, 0.0], [0.0, 0.0], [0.0, 0.0], [0.0, 0.0]], "IYIH": [[0.0, 0.0], [0.0, 0.0], [0.0, 0.0], [0.0, 0.0], [0.0, 0.0]], "IYICU": [[0.0, 0.0], [0.0, 0.0], [0.0, 0.0], [0.0, 0.0], [0.0, 0.0]], "IHICU": [[0.0, 0.0], [0.0, 0.0], [0.0, 0.0], [0.0, 0.0], [0.0, 0.0]], "ToICU": [[0.0, 0.0], [0.0, 0.0], [0.0, 0.0], [0.0, 0.0], [0.0, 0.0]], "ToIHT": [[0.0, 0.0], [0.0, 0.0], [0.0, 0.0], [0.0, 0.0], [0.0, 0.0]], "ToICUD": [[0.0, 0.0], [0.0, 0.0], [0.0, 0.0], [0.0, 0.0], [0.0, 0.0]], "ToIYD": [[0.0, 0.0], [0.0, 0.0], [0.0, 0.0], [0.0, 0.0], [0.0, 0.0]], "ToIA": [[0.0, 0.0], [7.0, 1.0], [33.0, 3.0], [8.0, 5.0], [2.0, 1.0]], "ToIY": [[0.0, 0.0], [0.0, 0.0], [5.0, 2.0], [1.0, 2.0], [1.0, 0.0]]}