{"v_beta_reduct": 0.6500000000000147, "v_tau_reduct": 0.7500000000000586, "v_pi_reduct": 0.95, "S": [[2321.0, 158.0], [8678.0, 1034.0], [50904.0, 12878.0], [15277.0, 8870.0], [10671.0, 8139.0]], "E": [[0.0, 0.0], [2.0, 0.0], [25.0, 7.0], [1.0, 0.0], [0.0, 4.0]], "IA": [[3.0, 0.0], [8.0, 2.0], [61.0, 9.0], [11.0, 5.0], [7.0, 1.0]], "IY": [[0.0, 0.0], [2.0, 0.0], [14.0, 4.0], [4.0, 1.0], [0.0, 1.0]], "PA": [[1.0, 0.0], [13.0, 0.0], [55.0, 6.0], [11.0, 3.0], [1.0, 3.0]], "PY": [[0.0, 0.0], [3.0, 0.0], [7.0, 1.0], [3.0, 0.0], [0.0, 0.0]], "R": [[4.0, 0.0], [24.0, 5.0], [135.0, 31.0], [35.0, 17.0], [15.0, 4.0]], "D": [[0.0, 0.0], [0.0, 0.0], [0.0, 0.0], [0.0, 0.0], [0.0, 0.0]], "IH": [[0.0, 0.0], [0.0, 0.0], [0.0, 0.0], [0.0, 0.0], [0.0, 0.0]], "ICU": [[0.0, 0.0], [0.0, 0.0], [0.0, 0.0], [0.0, 0.0], [0.0, 0.0]], "IYIH": [[0.0, 0.0], [0.0, 0.0], [0.0, 0.0], [0.0, 0.0], [0.0, 0.0]], "IYICU": [[0.0, 0.0], [0.0, 0.0], [0.0, 0.0], [0.0, 0.0], [0.0, 0.0]], "IHICU": [[0.0, 0.0], [0.0, 0.0], [0.0, 0.0], [0.0, 0.0], [0.0, 0.0]], "ToICU": [[0.0, 0.0], [0.0, 0.0], [0.0, 0.0], [0.0, 0.0], [0.0, 0.0]], "ToIHT": [[0.0, 0.0], [0.0, 0.0], [0.0, 0.0], [0.0, 0.0], [0.0, 0.0]], "ToICUD": [[0.0, 0.0], [0.0, 0.0], [0.0, 0.0], [0.0, 0.0], [0.0, 0.0]], "ToIYD": [[0.0, 0.0], [0.0, 0.0], [0.0, 0.0], [0.0, 0.0], [0.0, 0.0]], "ToIA": [[0.0, 0.0], [4.0, 2.0], [13.0, 3.0], [2.0, 2.0], [1.0, 0.0]], "ToIY": [[0.0, 0.0], [1.0, 0.0], [2.0, 1.0], [2.0, 0.0], [0.0, 0.0]]}