{"v_beta_reduct": 0.6500000000000147, "v_tau_reduct": 0.7500000000000586, "v_pi_reduct": 0.95, "S": [[1883.0, 114.0], [6994.0, 825.0], [48183.0, 12849.0], [14854.0, 8624.0], [10513.0, 8194.0]], "E": [[2.0, 0.0], [3.0, 0.0], [36.0, 8.0], [13.0, 7.0], [5.0, 2.0]], "IA": [[1.0, 0.0], [11.0, 2.0], [61.0, 18.0], [20.0, 13.0], [9.0, 5.0]], "IY": [[0.0, 0.0], [2.0, 0.0], [22.0, 8.0], [0.0, 4.0], [0.0, 1.0]], "PA": [[1.0, 1.0], [16.0, 2.0], [71.0, 15.0], [22.0, 9.0], [9.0, 3.0]], "PY": [[1.0, 0.0], [0.0, 1.0], [12.0, 4.0], [1.0, 2.0], [2.0, 1.0]], "R": [[8.0, 0.0], [47.0, 5.0], [233.0, 79.0], [59.0, 34.0], [17.0, 15.0]], "D": [[0.0, 0.0], [0.0, 0.0], [0.0, 0.0], [0.0, 0.0], [0.0, 0.0]], "IH": [[0.0, 0.0], [0.0, 0.0], [0.0, 0.0], [0.0, 0.0], [0.0, 0.0]], "ICU": [[0.0, 0.0], [0.0, 0.0], [0.0, 0.0], [0.0, 0.0], [0.0, 0.0]], "IYIH": [[0.0, 0.0], [0.0, 0.0], [0.0, 0.0], [0.0, 0.0], [0.0, 0.0]], "IYICU": [[0.0, 0.0], [0.0, 0.0], [0.0, 0.0], [0.0, 0.0], [0.0, 0.0]], "IHICU": [[0.0, 0.0], [0.0, 0.0], [0.0, 0.0], [0.0, 0.0], [0.0, 0.0]], "ToICU": [[0.0, 0.0], [0.0, 0.0], [0.0, 0.0], [0.0, 0.0], [0.0, 0.0]], "ToIHT": [[0.0, 0.0], [0.0, 0.0], [0.0, 0.0], [0.0, 0.0], [0.0, 0.0]], "ToICUD": [[0.0, 0.0], [0.0, 0.0], [0.0, 0.0], [0.0, 0.0], [0.0, 0.0]], "ToIYD": [[0.0, 0.0], [0.0, 0.0], [0.0, 0.0], [0.0, 0.0], [0.0, 0.0]], "ToIA": [[1.0, 0.0], [6.0, 1.0], [18.0, 9.0], [5.0, 4.0], [1.0, 2.0]], "ToIY": [[0.0, 0.0], [0.0, 0.0], [7.0, 3.0], [0.0, 1.0], [0.0, 1.0]]}