{"v_beta_reduct": 0.6500000000000147, "v_tau_reduct": 0.7500000000000586, "v_pi_reduct": 0.95, "S": [[2111.0, 137.0], [8090.0, 961.0], [49449.0, 12918.0], [14997.0, 8881.0], [10530.0, 8334.0]], "E": [[0.0, 0.0], [8.0, 1.0], [51.0, 10.0], [9.0, 4.0], [4.0, 5.0]], "IA": [[5.0, 0.0], [25.0, 3.0], [109.0, 27.0], [25.0, 13.0], [8.0, 17.0]], "IY": [[2.0, 0.0], [1.0, 0.0], [16.0, 7.0], [2.0, 2.0], [3.0, 1.0]], "PA": [[4.0, 0.0], [11.0, 2.0], [99.0, 25.0], [16.0, 12.0], [7.0, 6.0]], "PY": [[0.0, 0.0], [3.0, 0.0], [13.0, 1.0], [2.0, 3.0], [0.0, 2.0]], "R": [[17.0, 0.0], [57.0, 6.0], [287.0, 81.0], [72.0, 38.0], [27.0, 20.0]], "D": [[0.0, 0.0], [0.0, 0.0], [0.0, 0.0], [0.0, 0.0], [0.0, 0.0]], "IH": [[0.0, 0.0], [0.0, 0.0], [0.0, 0.0], [0.0, 0.0], [0.0, 0.0]], "ICU": [[0.0, 0.0], [0.0, 0.0], [0.0, 0.0], [0.0, 0.0], [0.0, 0.0]], "IYIH": [[0.0, 0.0], [0.0, 0.0], [0.0, 0.0], [0.0, 0.0], [0.0, 0.0]], "IYICU": [[0.0, 0.0], [0.0, 0.0], [0.0, 0.0], [0.0, 0.0], [0.0, 0.0]], "IHICU": [[0.0, 0.0], [0.0, 0.0], [0.0, 0.0], [0.0, 0.0], [0.0, 0.0]], "ToICU": [[0.0, 0.0], [0.0, 0.0], [0.0, 0.0], [0.0, 0.0], [0.0, 0.0]], "ToIHT": [[0.0, 0.0], [0.0, 0.0], [0.0, 0.0], [0.0, 0.0], [0.0, 0.0]], "ToICUD": [[0.0, 0.0], [0.0, 0.0], [0.0, 0.0], [0.0, 0.0], [0.0, 0.0]], "ToIYD": [[0.0, 0.0], [0.0, 0.0], [0.0, 0.0], [0.0, 0.0], [0.0, 0.0]], "ToIA": [[2.0, 0.0], [10.0, 2.0], [39.0, 7.0], [6.0, 5.0], [0.0, 6.0]], "ToIY": [[0.0, 0.0], [0.0, 0.0], [3.0, 5.0], [0.0, 2.0], [0.0, 0.0]]}