{"v_beta_reduct": 0.6500000000000147, "v_tau_reduct": 0.7500000000000586, "v_pi_reduct": 0.95, "S": [[2301.0, 134.0], [8468.0, 970.0], [51098.0, 12900.0], [15351.0, 8788.0], [10587.0, 8315.0]], "E": [[2.0, 0.0], [2.0, 0.0], [19.0, 6.0], [11.0, 7.0], [0.0, 0.0]], "IA": [[0.0, 0.0], [10.0, 0.0], [50.0, 9.0], [13.0, 2.0], [5.0, 1.0]], "IY": [[0.0, 0.0], [2.0, 0.0], [10.0, 4.0], [1.0, 1.0], [0.0, 1.0]], "PA": [[0.0, 1.0], [9.0, 2.0], [42.0, 3.0], [10.0, 8.0], [5.0, 0.0]], "PY": [[0.0, 0.0], [0.0, 0.0], [8.0, 0.0], [4.0, 0.0], [1.0, 0.0]], "R": [[5.0, 0.0], [32.0, 3.0], [135.0, 38.0], [28.0, 16.0], [12.0, 14.0]], "D": [[0.0, 0.0], [0.0, 0.0], [0.0, 0.0], [0.0, 0.0], [0.0, 0.0]], "IH": [[0.0, 0.0], [0.0, 0.0], [0.0, 0.0], [0.0, 0.0], [0.0, 0.0]], "ICU": [[0.0, 0.0], [0.0, 0.0], [0.0, 0.0], [0.0, 0.0], [0.0, 0.0]], "IYIH": [[0.0, 0.0], [0.0, 0.0], [0.0, 0.0], [0.0, 0.0], [0.0, 0.0]], "IYICU": [[0.0, 0.0], [0.0, 0.0], [0.0, 0.0], [0.0, 0.0], [0.0, 0.0]], "IHICU": [[0.0, 0.0], [0.0, 0.0], [0.0, 0.0], [0.0, 0.0], [0.0, 0.0]], "ToICU": [[0.0, 0.0], [0.0, 0.0], [0.0, 0.0], [0.0, 0.0], [0.0, 0.0]], "ToIHT": [[0.0, 0.0], [0.0, 0.0], [0.0, 0.0], [0.0, 0.0], [0.0, 0.0]], "ToICUD": [[0.0, 0.0], [0.0, 0.0], [0.0, 0.0], [0.0, 0.0], [0.0, 0.0]], "ToIYD": [[0.0, 0.0], [0.0, 0.0], [0.0, 0.0], [0.0, 0.0], [0.0, 0.0]], "ToIA": [[0.0, 0.0], [5.0, 0.0], [16.0, 3.0], [3.0, 0.0], [2.0, 0.0]], "ToIY": [[0.0, 0.0], [0.0, 0.0], [4.0, 1.0], [1.0, 1.0], [0.0, 1.0]]}