{"v_beta_reduct": 0.6500000000000147, "v_tau_reduct": 0.7500000000000586, "v_pi_reduct": 0.95, "S": [[2290.0, 143.0], [8568.0, 1050.0], [50913.0, 12769.0], [15133.0, 8668.0], [10536.0, 8189.0]], "E": [[0.0, 0.0], [9.0, 0.0], [55.0, 14.0], [11.0, 11.0], [3.0, 5.0]], "IA": [[1.0, 0.0], [8.0, 2.0], [86.0, 27.0], [17.0, 14.0], [7.0, 4.0]], "IY": [[1.0, 0.0], [3.0, 0.0], [15.0, 4.0], [2.0, 3.0], [2.0, 0.0]], "PA": [[4.0, 1.0], [10.0, 2.0], [86.0, 24.0], [24.0, 14.0], [8.0, 4.0]], "PY": [[0.0, 0.0], [2.0, 0.0], [14.0, 5.0], [3.0, 4.0], [0.0, 0.0]], "R": [[9.0, 1.0], [60.0, 7.0], [226.0, 72.0], [74.0, 41.0], [24.0, 15.0]], "D": [[0.0, 0.0], [0.0, 0.0], [0.0, 0.0], [0.0, 0.0], [0.0, 0.0]], "IH": [[0.0, 0.0], [0.0, 0.0], [1.0, 0.0], [0.0, 0.0], [0.0, 0.0]], "ICU": [[0.0, 0.0], [0.0, 0.0], [0.0, 0.0], [0.0, 0.0], [0.0, 0.0]], "IYIH": [[0.0, 0.0], [0.0, 0.0], [1.0, 0.0], [0.0, 0.0], [0.0, 0.0]], "IYICU": [[0.0, 0.0], [0.0, 0.0], [0.0, 0.0], [0.0, 0.0], [0.0, 0.0]], "IHICU": [[0.0, 0.0], [0.0, 0.0], [0.0, 0.0], [0.0, 0.0], [0.0, 0.0]], "ToICU": [[0.0, 0.0], [0.0, 0.0], [0.0, 0.0], [0.0, 0.0], [0.0, 0.0]], "ToIHT": [[0.0, 0.0], [0.0, 0.0], [1.0, 0.0], [0.0, 0.0], [0.0, 0.0]], "ToICUD": [[0.0, 0.0], [0.0, 0.0], [0.0, 0.0], [0.0, 0.0], [0.0, 0.0]], "ToIYD": [[0.0, 0.0], [0.0, 0.0], [0.0, 0.0], [0.0, 0.0], [0.0, 0.0]], "ToIA": [[0.0, 0.0], [3.0, 1.0], [30.0, 11.0], [8.0, 5.0], [2.0, 2.0]], "ToIY": [[0.0, 0.0], [1.0, 0.0], [4.0, 1.0], [0.0, 0.0], [1.0, 0.0]]}