{"v_beta_reduct": 0.6500000000000147, "v_tau_reduct": 0.7500000000000586, "v_pi_reduct": 0.95, "S": [[2034.0, 130.0], [7714.0, 999.0], [49218.0, 12734.0], [14782.0, 8798.0], [10537.0, 8352.0]], "E": [[0.0, 0.0], [6.0, 0.0], [30.0, 5.0], [5.0, 6.0], [1.0, 2.0]], "IA": [[5.0, 0.0], [16.0, 1.0], [78.0, 23.0], [21.0, 13.0], [3.0, 13.0]], "IY": [[0.0, 0.0], [1.0, 0.0], [9.0, 7.0], [6.0, 2.0], [2.0, 2.0]], "PA": [[2.0, 0.0], [11.0, 1.0], [58.0, 11.0], [12.0, 5.0], [11.0, 5.0]], "PY": [[0.0, 0.0], [2.0, 0.0], [8.0, 4.0], [1.0, 1.0], [1.0, 0.0]], "R": [[5.0, 1.0], [38.0, 3.0], [216.0, 57.0], [41.0, 40.0], [13.0, 19.0]], "D": [[0.0, 0.0], [0.0, 0.0], [0.0, 0.0], [0.0, 0.0], [0.0, 0.0]], "IH": [[0.0, 0.0], [0.0, 0.0], [0.0, 0.0], [0.0, 0.0], [0.0, 0.0]], "ICU": [[0.0, 0.0], [0.0, 0.0], [0.0, 0.0], [0.0, 0.0], [0.0, 0.0]], "IYIH": [[0.0, 0.0], [0.0, 0.0], [0.0, 0.0], [0.0, 0.0], [0.0, 0.0]], "IYICU": [[0.0, 0.0], [0.0, 0.0], [0.0, 0.0], [0.0, 0.0], [0.0, 0.0]], "IHICU": [[0.0, 0.0], [0.0, 0.0], [0.0, 0.0], [0.0, 0.0], [0.0, 0.0]], "ToICU": [[0.0, 0.0], [0.0, 0.0], [0.0, 0.0], [0.0, 0.0], [0.0, 0.0]], "ToIHT": [[0.0, 0.0], [0.0, 0.0], [0.0, 0.0], [0.0, 0.0], [0.0, 0.0]], "ToICUD": [[0.0, 0.0], [0.0, 0.0], [0.0, 0.0], [0.0, 0.0], [0.0, 0.0]], "ToIYD": [[0.0, 0.0], [0.0, 0.0], [0.0, 0.0], [0.0, 0.0], [0.0, 0.0]], "ToIA": [[2.0, 0.0], [8.0, 0.0], [28.0, 9.0], [9.0, 6.0], [1.0, 7.0]], "ToIY": [[0.0, 0.0], [1.0, 0.0], [1.0, 1.0], [1.0, 2.0], [0.0, 1.0]]}