{"v_beta_reduct": 0.6500000000000147, "v_tau_reduct": 0.7500000000000586, "v_pi_reduct": 0.95, "S": [[2113.0, 111.0], [7869.0, 1030.0], [50075.0, 12826.0], [15055.0, 8956.0], [10479.0, 8224.0]], "E": [[0.0, 0.0], [3.0, 0.0], [19.0, 4.0], [3.0, 3.0], [4.0, 2.0]], "IA": [[3.0, 0.0], [11.0, 2.0], [79.0, 19.0], [19.0, 6.0], [5.0, 5.0]], "IY": [[0.0, 0.0], [1.0, 0.0], [18.0, 1.0], [2.0, 0.0], [0.0, 4.0]], "PA": [[2.0, 1.0], [13.0, 0.0], [53.0, 11.0], [7.0, 3.0], [4.0, 2.0]], "PY": [[2.0, 0.0], [2.0, 0.0], [5.0, 2.0], [1.0, 2.0], [0.0, 0.0]], "R": [[9.0, 1.0], [40.0, 5.0], [181.0, 51.0], [40.0, 27.0], [15.0, 14.0]], "D": [[0.0, 0.0], [0.0, 0.0], [0.0, 0.0], [0.0, 0.0], [0.0, 0.0]], "IH": [[0.0, 0.0], [0.0, 0.0], [0.0, 0.0], [0.0, 0.0], [0.0, 0.0]], "ICU": [[0.0, 0.0], [0.0, 0.0], [0.0, 0.0], [0.0, 0.0], [0.0, 0.0]], "IYIH": [[0.0, 0.0], [0.0, 0.0], [0.0, 0.0], [0.0, 0.0], [0.0, 0.0]], "IYICU": [[0.0, 0.0], [0.0, 0.0], [0.0, 0.0], [0.0, 0.0], [0.0, 0.0]], "IHICU": [[0.0, 0.0], [0.0, 0.0], [0.0, 0.0], [0.0, 0.0], [0.0, 0.0]], "ToICU": [[0.0, 0.0], [0.0, 0.0], [0.0, 0.0], [0.0, 0.0], [0.0, 0.0]], "ToIHT": [[0.0, 0.0], [0.0, 0.0], [0.0, 0.0], [0.0, 0.0], [0.0, 0.0]], "ToICUD": [[0.0, 0.0], [0.0, 0.0], [0.0, 0.0], [0.0, 0.0], [0.0, 0.0]], "ToIYD": [[0.0, 0.0], [0.0, 0.0], [0.0, 0.0], [0.0, 0.0], [0.0, 0.0]], "ToIA": [[1.0, 0.0], [3.0, 0.0], [26.0, 5.0], [9.0, 2.0], [1.0, 2.0]], "ToIY": [[0.0, 0.0], [0.0, 0.0], [2.0, 0.0], [0.0, 0.0], [0.0, 2.0]]}