{"v_beta_reduct": 0.6500000000000147, "v_tau_reduct": 0.7500000000000586, "v_pi_reduct": 0.95, "S": [[2271.0, 154.0], [8475.0, 1088.0], [49966.0, 12974.0], [15275.0, 8746.0], [10630.0, 8131.0]], "E": [[0.0, 0.0], [4.0, 2.0], [51.0, 15.0], [12.0, 5.0], [4.0, 4.0]], "IA": [[6.0, 1.0], [26.0, 3.0], [119.0, 21.0], [25.0, 19.0], [9.0, 5.0]], "IY": [[0.0, 0.0], [2.0, 1.0], [22.0, 1.0], [7.0, 1.0], [1.0, 1.0]], "PA": [[5.0, 1.0], [21.0, 2.0], [113.0, 26.0], [26.0, 13.0], [8.0, 6.0]], "PY": [[0.0, 0.0], [3.0, 0.0], [19.0, 3.0], [7.0, 1.0], [3.0, 3.0]], "R": [[7.0, 0.0], [63.0, 4.0], [323.0, 82.0], [70.0, 44.0], [23.0, 20.0]], "D": [[0.0, 0.0], [0.0, 0.0], [0.0, 0.0], [0.0, 0.0], [0.0, 0.0]], "IH": [[0.0, 0.0], [0.0, 0.0], [0.0, 0.0], [0.0, 0.0], [0.0, 0.0]], "ICU": [[0.0, 0.0], [0.0, 0.0], [0.0, 0.0], [0.0, 0.0], [0.0, 0.0]], "IYIH": [[0.0, 0.0], [0.0, 0.0], [0.0, 0.0], [0.0, 0.0], [0.0, 0.0]], "IYICU": [[0.0, 0.0], [0.0, 0.0], [0.0, 0.0], [0.0, 0.0], [0.0, 0.0]], "IHICU": [[0.0, 0.0], [0.0, 0.0], [0.0, 0.0], [0.0, 0.0], [0.0, 0.0]], "ToICU": [[0.0, 0.0], [0.0, 0.0], [0.0, 0.0], [0.0, 0.0], [0.0, 0.0]], "ToIHT": [[0.0, 0.0], [0.0, 0.0], [0.0, 0.0], [0.0, 0.0], [0.0, 0.0]], "ToICUD": [[0.0, 0.0], [0.0, 0.0], [0.0, 0.0], [0.0, 0.0], [0.0, 0.0]], "ToIYD": [[0.0, 0.0], [0.0, 0.0], [0.0, 0.0], [0.0, 0.0], [0.0, 0.0]], "ToIA": [[2.0, 1.0], [7.0, 2.0], [42.0, 8.0], [9.0, 5.0], [3.0, 2.0]], "ToIY": [[0.0, 0.0], [0.0, 1.0], [8.0, 0.0], [1.0, 1.0], [0.0, 1.0]]}