{"v_beta_reduct": 0.6500000000000147, "v_tau_reduct": 0.7500000000000586, "v_pi_reduct": 0.95, "S": [[1989.0, 139.0], [7677.0, 923.0], [49748.0, 12939.0], [14941.0, 8691.0], [10484.0, 8257.0]], "E": [[3.0, 0.0], [6.0, 3.0], [36.0, 6.0], [6.0, 4.0], [5.0, 0.0]], "IA": [[4.0, 0.0], [18.0, 0.0], [88.0, 24.0], [21.0, 13.0], [8.0, 3.0]], "IY": [[0.0, 0.0], [3.0, 0.0], [12.0, 4.0], [4.0, 3.0], [0.0, 0.0]], "PA": [[4.0, 0.0], [10.0, 1.0], [66.0, 18.0], [16.0, 7.0], [6.0, 1.0]], "PY": [[0.0, 0.0], [3.0, 0.0], [10.0, 3.0], [1.0, 0.0], [0.0, 1.0]], "R": [[3.0, 0.0], [43.0, 6.0], [195.0, 49.0], [41.0, 35.0], [24.0, 11.0]], "D": [[0.0, 0.0], [0.0, 0.0], [0.0, 0.0], [0.0, 0.0], [0.0, 0.0]], "IH": [[0.0, 0.0], [0.0, 0.0], [0.0, 0.0], [0.0, 0.0], [0.0, 0.0]], "ICU": [[0.0, 0.0], [0.0, 0.0], [0.0, 0.0], [0.0, 0.0], [0.0, 0.0]], "IYIH": [[0.0, 0.0], [0.0, 0.0], [0.0, 0.0], [0.0, 0.0], [0.0, 0.0]], "IYICU": [[0.0, 0.0], [0.0, 0.0], [0.0, 0.0], [0.0, 0.0], [0.0, 0.0]], "IHICU": [[0.0, 0.0], [0.0, 0.0], [0.0, 0.0], [0.0, 0.0], [0.0, 0.0]], "ToICU": [[0.0, 0.0], [0.0, 0.0], [0.0, 0.0], [0.0, 0.0], [0.0, 0.0]], "ToIHT": [[0.0, 0.0], [0.0, 0.0], [0.0, 0.0], [0.0, 0.0], [0.0, 0.0]], "ToICUD": [[0.0, 0.0], [0.0, 0.0], [0.0, 0.0], [0.0, 0.0], [0.0, 0.0]], "ToIYD": [[0.0, 0.0], [0.0, 0.0], [0.0, 0.0], [0.0, 0.0], [0.0, 0.0]], "ToIA": [[2.0, 0.0], [6.0, 0.0], [36.0, 8.0], [9.0, 5.0], [3.0, 0.0]], "ToIY": [[0.0, 0.0], [1.0, 0.0], [4.0, 0.0], [2.0, 0.0], [0.0, 0.0]]}